[
  {
    "id": "nav.home",
    "key": "nav.home",
    "AZ": "ANA SƏHİFƏ",
    "EN": "HOME",
    "RU": "ГЛАВНАЯ"
  },
  {
    "id": "nav.about",
    "key": "nav.about",
    "AZ": "HAKKIMIZDA",
    "EN": "ABOUT",
    "RU": "О НАС"
  },
  {
    "id": "nav.news",
    "key": "nav.news",
    "AZ": "XƏBƏRLƏR",
    "EN": "NEWS",
    "RU": "НОВОСТИ"
  },
  {
    "id": "nav.events",
    "key": "nav.events",
    "AZ": "YARIŞLAR",
    "EN": "EVENTS",
    "RU": "ГОНКИ"
  },
  {
    "id": "nav.drivers",
    "key": "nav.drivers",
    "AZ": "SÜRÜCÜLƏR",
    "EN": "DRIVERS",
    "RU": "ПИЛОТЫ"
  },
  {
    "id": "nav.gallery",
    "key": "nav.gallery",
    "AZ": "QALEREYA",
    "EN": "GALLERY",
    "RU": "ГАЛЕРЕЯ"
  },
  {
    "id": "nav.rules",
    "key": "nav.rules",
    "AZ": "QAYDALAR",
    "EN": "RULES",
    "RU": "ПРАВИЛА"
  },
  {
    "id": "nav.contact",
    "key": "nav.contact",
    "AZ": "ƏLAQƏ",
    "EN": "CONTACT",
    "RU": "КОНТАКТЫ"
  },
  {
    "id": "hero.hub",
    "key": "hero.hub",
    "AZ": "AZƏRBAYCAN MOTORSPORT MƏRKƏZİ",
    "EN": "AZERBAIJAN MOTORSPORT HUB",
    "RU": "ЦЕНТР МОТОСПОРТА АЗЕРБАЙДЖАНА"
  },
  {
    "id": "hero.races",
    "key": "hero.races",
    "AZ": "YARIŞ TƏQVİMİ",
    "EN": "RACE CALENDAR",
    "RU": "КАЛЕНДАРЬ ГОНОК"
  },
  {
    "id": "hero.drivers",
    "key": "hero.drivers",
    "AZ": "SÜRÜCÜLƏR",
    "EN": "DRIVERS",
    "RU": "ПИЛОТЫ"
  },
  {
    "id": "hero.desc",
    "key": "hero.desc",
    "AZ": "Adrenalin, Güc və Təbiətin Vəhdəti",
    "EN": "Adrenaline, Unity of Power and Nature",
    "RU": "Адреналин, Сила и Единение с Природой"
  },
  {
    "id": "hero.title_1",
    "key": "hero.title_1",
    "AZ": "AZƏRBAYCAN",
    "EN": "AZERBAIJAN",
    "RU": "АЗЕРБАЙДЖАН"
  },
  {
    "id": "hero.title_2",
    "key": "hero.title_2",
    "AZ": "MƏDƏNİYYƏTİ",
    "EN": "CULTURE",
    "RU": "КУЛЬТУРА"
  },
  {
    "id": "common.back",
    "key": "common.back",
    "AZ": "GERİ QAYIT",
    "EN": "GO BACK",
    "RU": "НАЗАД"
  },
  {
    "id": "common.read_more",
    "key": "common.read_more",
    "AZ": "DAHA ƏTRAFLI",
    "EN": "READ MORE",
    "RU": "ЧИТАТЬ ДАЛЕЕ"
  },
  {
    "id": "common.view_all",
    "key": "common.view_all",
    "AZ": "HAMISINA BAX",
    "EN": "VIEW ALL",
    "RU": "ПОСМОТРЕТЬ ВСЕ"
  },
  {
    "id": "common.join_registration",
    "key": "common.join_registration",
    "AZ": "QATILMAQ ÜÇÜN QEYDİYYAT",
    "EN": "REGISTER TO JOIN",
    "RU": "РЕГИСТРАЦИЯ ДЛЯ УЧАСТИЯ"
  },
  {
    "id": "events.join",
    "key": "events.join",
    "AZ": "YARIŞDA İŞTİRAK",
    "EN": "JOIN THE RACE",
    "RU": "УЧАСТИЕ В ГОНКЕ"
  },
  {
    "id": "events.join_pilot",
    "key": "events.join_pilot",
    "AZ": "PİLOT KİMİ QATIL",
    "EN": "JOIN AS PILOT",
    "RU": "УЧАСТИЕ КАК ПИЛОТ"
  },
  {
    "id": "events.join_pilot_desc",
    "key": "events.join_pilot_desc",
    "AZ": "TEXNİKİ REQLAMENTƏ UYĞUN OLARAQ",
    "EN": "ACCORDING TO TECHNICAL REGULATIONS",
    "RU": "СОГЛАСНО ТЕХНИЧЕСКОМУ РЕГЛАМЕНТУ"
  },
  {
    "id": "events.join_spectator",
    "key": "events.join_spectator",
    "AZ": "İZLƏYİCİ KİMİ QATIL",
    "EN": "JOIN AS SPECTATOR",
    "RU": "УЧАСТИЕ КАК ЗРИТЕЛЬ"
  },
  {
    "id": "events.join_spectator_desc",
    "key": "events.join_spectator_desc",
    "AZ": "YARIŞI TRİBUNADAN İZLƏ",
    "EN": "WATCH FROM TRIBUNE",
    "RU": "СМОТРЕТЬ С ТРИБУНЫ"
  },
  {
    "id": "events.planned",
    "key": "events.planned",
    "AZ": "PLANLANAN",
    "EN": "PLANNED",
    "RU": "ПЛАНИРУЕМЫЕ"
  },
  {
    "id": "events.past",
    "key": "events.past",
    "AZ": "KEÇMİŞ",
    "EN": "PAST",
    "RU": "ПРОШЕДШИЕ"
  },
  {
    "id": "events.upcoming",
    "key": "events.upcoming",
    "AZ": "GƏLƏCƏK YARIŞ",
    "EN": "UPCOMING RACE",
    "RU": "ПРЕДСТОЯЩАЯ ГОНКА"
  },
  {
    "id": "events.next_race_title",
    "key": "events.next_race_title",
    "AZ": "NÖVBƏTİ YARIŞ",
    "EN": "NEXT RACE",
    "RU": "СЛЕДУЮЩАЯ ГОНКА"
  },
  {
    "id": "events.completed",
    "key": "events.completed",
    "AZ": "BAŞA ÇATIB",
    "EN": "COMPLETED",
    "RU": "ЗАВЕРШЕНО"
  },
  {
    "id": "events.download",
    "key": "events.download",
    "AZ": "PDF YÜKLƏ",
    "EN": "DOWNLOAD PDF",
    "RU": "СКАЧАТЬ PDF"
  },
  {
    "id": "events.desc_title",
    "key": "events.desc_title",
    "AZ": "TƏSVİR",
    "EN": "DESCRIPTION",
    "RU": "ОПИСАНИЕ"
  },
  {
    "id": "events.full_calendar",
    "key": "events.full_calendar",
    "AZ": "TAM TƏQVİM",
    "EN": "FULL CALENDAR",
    "RU": "ПОЛНЫЙ КАЛЕНДАРЬ"
  },
  {
    "id": "events.live_reg",
    "key": "events.live_reg",
    "AZ": "CANLI QEYDİYYAT AÇIQDIR",
    "EN": "LIVE REGISTRATION OPEN",
    "RU": "ОТКРЫТА ЖИВАЯ РЕГИСТРАЦИЯ"
  },
  {
    "id": "leaders.title",
    "key": "leaders.title",
    "AZ": "KATEQORİYA LİDƏRLƏRİ",
    "EN": "CATEGORY LEADERS",
    "RU": "ЛИДЕРЫ КАТЕГОРИЙ"
  },
  {
    "id": "leaders.subtitle",
    "key": "leaders.subtitle",
    "AZ": "HƏR KLASS ÜZRƏ MÖVSÜMÜN ƏN GÜCLÜ PİLOTLARI",
    "EN": "STRONGEST PILOTS OF THE SEASON BY CLASS",
    "RU": "СИЛЬНЕЙШИЕ ПИЛОТЫ СЕЗОНА ПО КЛАССАМ"
  },
  {
    "id": "leaders.full_rating",
    "key": "leaders.full_rating",
    "AZ": "BÜTÜN REYTİNG",
    "EN": "FULL RATING",
    "RU": "ПОЛНЫЙ РЕЙТИНГ"
  },
  {
    "id": "drivers.title",
    "key": "drivers.title",
    "AZ": "SÜRÜCÜLƏR",
    "EN": "DRIVERS",
    "RU": "ПИЛОТЫ"
  },
  {
    "id": "drivers.subtitle",
    "key": "drivers.subtitle",
    "AZ": "HƏR KLASS ÜZRƏ MÖVSÜMÜN ƏN GÜCLÜ PİLOTLARI",
    "EN": "STRONGEST PILOTS OF THE SEASON BY CLASS",
    "RU": "СИЛЬНЕЙШИЕ ПИЛОТЫ СЕЗОНА ПО КЛАССАМ"
  },
  {
    "id": "drivers.rank",
    "key": "drivers.rank",
    "AZ": "REYTİNQİ",
    "EN": "RANKING",
    "RU": "РЕЙТИНГ"
  },
  {
    "id": "drivers.license",
    "key": "drivers.license",
    "AZ": "LİSENZİYA",
    "EN": "LICENSE",
    "RU": "ЛИЦЕНЗИЯ"
  },
  {
    "id": "drivers.podium",
    "key": "drivers.podium",
    "AZ": "PODİUM",
    "EN": "PODIUM",
    "RU": "ПОДИУМ"
  },
  {
    "id": "drivers.pts",
    "key": "drivers.pts",
    "AZ": "XAL",
    "EN": "PTS",
    "RU": "ОЧК"
  },
  {
    "id": "drivers.full_standing",
    "key": "drivers.full_standing",
    "AZ": "BÜTÜN PİLOTLAR",
    "EN": "FULL STANDINGS",
    "RU": "ВСЕ ПИЛОТЫ"
  },
  {
    "id": "drivers.view_all",
    "key": "drivers.view_all",
    "AZ": "HAMISINA BAX",
    "EN": "VIEW ALL",
    "RU": "СМОТРЕТЬ ВСЕ"
  },
  {
    "id": "news.title",
    "key": "news.title",
    "AZ": "XƏBƏRLƏR",
    "EN": "NEWS",
    "RU": "НОВОСТИ"
  },
  {
    "id": "news.subtitle",
    "key": "news.subtitle",
    "AZ": "MOTORSPORT ARXİVİ VƏ YENİLİKLƏR",
    "EN": "MOTORSPORT ARCHIVE AND UPDATES",
    "RU": "АРХИВ МОТОСПОРТА И ОБНОВЛЕНИЯ"
  },
  {
    "id": "news.read",
    "key": "news.read",
    "AZ": "OXU",
    "EN": "READ",
    "RU": "ЧИТАТЬ"
  },
  {
    "id": "archive.title",
    "key": "archive.title",
    "AZ": "VİDEO ARXİVİ",
    "EN": "VIDEO ARCHIVE",
    "RU": "ВИДЕОАРХИВ"
  },
  {
    "id": "archive.subtitle",
    "key": "archive.subtitle",
    "AZ": "Tarixi yarışların unudulmaz anları",
    "EN": "Unforgettable moments of historic races",
    "RU": "Незабываемые моменты исторических гонок"
  },
  {
    "id": "archive.all",
    "key": "archive.all",
    "AZ": "BÜTÜN QALEREYA",
    "EN": "FULL GALLERY",
    "RU": "ВСЯ ГАЛЕРЕЯ"
  },
  {
    "id": "footer.desc",
    "key": "footer.desc",
    "AZ": "Azərbaycanın ən böyük offroad klubu",
    "EN": "Azerbaijan's largest offroad club",
    "RU": "Крупнейший оффроад клуб Азербайджана"
  },
  {
    "id": "footer.nav",
    "key": "footer.nav",
    "AZ": "NAVİQASİYA",
    "EN": "NAVIGATION",
    "RU": "НАВИГАЦИЯ"
  },
  {
    "id": "footer.motorsport",
    "key": "footer.motorsport",
    "AZ": "MOTORSPORT QAYDALARI",
    "EN": "MOTORSPORT RULES",
    "RU": "ПРАВИЛА МОТОСПОРТА"
  },
  {
    "id": "footer.stay_updated",
    "key": "footer.stay_updated",
    "AZ": "YENİLİKLƏRDƏN XƏBƏRDAR OL",
    "EN": "STAY UPDATED",
    "RU": "БУДЬТЕ В КУРСЕ"
  },
  {
    "id": "footer.newsletter_desc",
    "key": "footer.newsletter_desc",
    "AZ": "ƏN SON YARIŞ XƏBƏRLƏRİ VƏ TƏDBİRLƏR HAQQINDA MƏLUMAT ALMAQ ÜÇÜN ABUNƏ OLUN.",
    "EN": "SUBSCRIBE TO GET THE LATEST RACE NEWS AND EVENT INFO.",
    "RU": "ПОДПИШИТЕСЬ, ЧТОБЫ ПОЛУЧАТЬ ПОСЛЕДНИЕ НОВОСТИ ГОНОК И ИНФОРМАЦИЮ О СОБЫТИЯХ."
  },
  {
    "id": "footer.email_placeholder",
    "key": "footer.email_placeholder",
    "AZ": "E-POÇT ÜNVANINIZ...",
    "EN": "YOUR EMAIL ADDRESS...",
    "RU": "ВАШ E-MAIL..."
  }
]