[
    {
        "id": "1",
        "name": "RAMİL HÜSEYNOV",
        "category": "UNLIMITED",
        "points": 450,
        "car": "Jeep Wrangler",
        "team": "BAKU BULLS",
        "image": "https://images.unsplash.com/photo-1500648767791-00dcc994a43e?q=80&w=400&fit=crop"
    },
    {
        "id": "2",
        "name": "SƏİD MƏMMƏDOV",
        "category": "UNLIMITED",
        "points": 420,
        "car": "Nissan Patrol",
        "team": "GANJA GEARS",
        "image": "https://images.unsplash.com/photo-1472099645785-5658abf4ff4e?q=80&w=400&fit=crop"
    },
    {
        "id": "3",
        "name": "HƏSƏN QULIYEV",
        "category": "LEGEND",
        "points": 380,
        "car": "Toyota Land Cruiser",
        "team": "SILK ROAD",
        "image": "https://images.unsplash.com/photo-1438761681033-6461ffad8d80?q=80&w=400&fit=crop"
    },
    {
        "id": "4",
        "name": "KAMRAN HƏSƏNOV",
        "category": "SEMI STOCK",
        "points": 310,
        "car": "Mitsubishi Pajero",
        "team": "CASPIAN RAIDERS",
        "image": "https://images.unsplash.com/photo-1507003211169-0a1dd7228f2d?q=80&w=400&fit=crop"
    },
    {
        "id": "5",
        "name": "ELNUR ƏLİYEV",
        "category": "UTV",
        "points": 290,
        "car": "Can-Am Maverick",
        "team": "OFFROAD AZ",
        "image": "https://images.unsplash.com/photo-1494790108377-be9c29b29330?q=80&w=400&fit=crop"
    }
]