[
    {
        "id": "1",
        "title": "SUMQAYIT CHALLENGE",
        "date": "2024-07-20",
        "location": "SUMQAYIT",
        "category": "OFFROAD FEATURED",
        "img": "https://images.unsplash.com/photo-1533473359331-0135ef1b58bf?q=80&w=2070&auto=format&fit=crop",
        "description": "SUMQAYITIN SAHİL QUMRUQLARINDA KEÇİRİLƏN BU YARIŞDA PİLOTLARIN HƏM SÜRƏT, HƏM DƏ QUMLUQDA MANEVR QABİLİYYƏTLƏRİ SINAĞA ÇƏKİLƏCƏK. AZƏRBAYCANIN ƏN PRESTİJLİ SAHİL YARIŞI OLARAQ QƏBUL EDİLİR.",
        "rules": "30KM/H LİMİT PİT-STOP ƏRAZİSİNDƏ MƏCBURİDİR. BÜTÜN AVTOMOBİLLƏRDƏ YANĞINSÖNDÜRƏN VƏ TƏHLÜKƏSİZLİK KARKASI OLMALIDIR.",
        "status": "planned"
    },
    {
        "id": "2",
        "title": "XIZI DAĞ SINAĞI",
        "date": "2024-08-15",
        "location": "XIZI",
        "category": "DAĞ SINAĞI",
        "img": "https://images.unsplash.com/photo-1464822759023-fed622ff2c3b?q=80&w=2070&auto=format&fit=crop",
        "status": "planned"
    },
    {
        "id": "3",
        "title": "NAXÇIVAN DESERT",
        "date": "2024-09-10",
        "location": "NAXÇIVAN",
        "category": "DESERT",
        "img": "https://images.unsplash.com/photo-1547038577-da80abbc4f19?q=80&w=2055&auto=format&fit=crop",
        "status": "planned"
    },
    {
        "id": "4",
        "title": "LERİK NIGHT TRAIL",
        "date": "2024-10-05",
        "location": "LERİK",
        "category": "NIGHT TRAIL",
        "img": "https://images.unsplash.com/photo-1533558701576-23c65e0272fb?q=80&w=1974&auto=format&fit=crop",
        "status": "planned"
    },
    {
        "id": "5",
        "title": "GABALA WINTER CUP",
        "date": "2024-12-20",
        "location": "QƏBƏLƏ",
        "category": "WINTER CUP",
        "img": "https://images.unsplash.com/photo-1541447271487-09612b3f49f7?q=80&w=1974&auto=format&fit=crop",
        "status": "planned"
    },
    {
        "id": "6",
        "title": "BAKU RALLY 2023",
        "date": "2023-05-10",
        "location": "BAKI",
        "category": "RALLY",
        "img": "https://images.unsplash.com/photo-1547038577-da80abbc4f19?q=80&w=2055&auto=format&fit=crop",
        "status": "past"
    },
    {
        "id": "7",
        "title": "QUSAR CHALLENGE",
        "date": "2023-08-15",
        "location": "QUSAR",
        "category": "CHALLENGE",
        "img": "https://images.unsplash.com/photo-1464822759023-fed622ff2c3b?q=80&w=2070&auto=format&fit=crop",
        "status": "past"
    },
    {
        "id": "8",
        "title": "QOBUSTAN TROPHY",
        "date": "2023-11-20",
        "location": "QOBUSTAN",
        "category": "TROPHY",
        "img": "https://images.unsplash.com/photo-1533473359331-0135ef1b58bf?q=80&w=2070&auto=format&fit=crop",
        "status": "past"
    },
    {
        "id": "9",
        "title": "SHEKİ TRAIL 2023",
        "date": "2023-04-20",
        "location": "ŞƏKİ",
        "category": "TRAIL",
        "img": "https://images.unsplash.com/photo-1506744038136-46273834b3fb?q=80&w=2070&auto=format&fit=crop",
        "status": "past"
    }
]